,NP_057427,NP_002408,NP_000415,NP_000413,NP_000517,NP_004439,NP_005219,NP_058519,NP_058518,NP_001116539,NP_061155,NP_001035932,NP_077006,NP_000917,NP_065178,NP_006836,NP_006614,NP_001784,NP_006092,NP_001153651,NP_001159403,NP_000116,NP_004314,NP_060601,NP_005931,NP_003003,NP_113611,NP_002002,NP_004487,NP_008950,NP_114172,NP_001062,NP_001444,NP_057547,NP_054895,NP_001246,NP_055606,NP_036451,NP_000624,NP_569082,NP_001159,NP_001229,NP_002458
TCGA-A2-A0CM,1.946004384400313,1.7759928811122565,2.505957426216228,1.0046126452336863,2.7096560548165556,-0.8732834376773001,0.6777737915584235,-1.0006927797946574,-0.997325151796089,-1.037866294303812,1.4280427602277301,-1.5787020347249479,-1.5724390289089285,-1.2085883097911738,1.6714467052475783,1.8460165374215043,-0.4289460213675268,0.9873245579234309,1.368221161453546,-1.1840754435694603,0.8689418526981637,-1.1974160356637955,-0.15341135914286136,2.17745438737604,-0.418304924674111,0.22585928117220608,0.6315644317926145,0.4248861644230608,-1.8148701244234164,1.537488513545927,1.647960041392675,0.5242972360898559,0.8790078366779349,-0.37357843319314615,2.319474357137978,1.899310826958245,-0.01112818920061233,-0.768922998594686,-0.12420264433741426,-0.004145923002255623,1.8392332348089744,1.094617872270532,0.07507943757934904
TCGA-A2-A0D2,2.0172866742155144,2.295123314720817,1.61319557897032,1.7840905868422259,0.9218176601634386,-1.1816182853120891,0.2531797242869788,-0.8143604686516578,-0.8048537535382763,-0.7813387498208011,1.7586118809502176,-2.277229703484202,-2.2690344428344322,-0.8812891567260395,0.8750732332734866,2.6409958547851993,1.273603653859493,1.36565850102373,2.3530134127827766,-1.366587464147263,-0.1537557956610307,-0.926297338468639,-1.346058300734117,0.018769018601312866,1.556204069422579,2.2701058790979642,1.8097288015416084,1.3618588396057016,-2.6806885661543784,1.4485087853029686,1.675773953423647,3.692624065470794,1.6633535748210346,-1.629276258231749,1.6809752795359252,1.671303190944944,0.279431910986482,-0.5435681925900213,-2.198073237241714,-2.469882862444987,2.493526765805783,0.10111249189063216,0.7195283268135048
TCGA-A2-A0EQ,0.20971413188717813,1.3743216843320696,-1.6772134910681074,-1.7782389644083851,-1.4118402062197428,-0.3736466089394475,4.052962583846222,-1.8082046811086683,-1.7166605403675081,-1.8670078426634849,-0.14967688586949482,-0.3122014508050186,-0.30944181641532226,-1.352800313744013,1.733067493053526,0.8212878572083647,1.0187140684697218,-0.09123677139518285,0.28858703104781863,-0.34759089120938735,-0.14115792183797232,-1.6721470199968513,-0.30582087092358634,0.4626424527009903,-1.2704032408311554,-1.538994167810023,0.06513361314684883,1.2132239415890136,0.30648792777804335,0.5093570286526853,-0.06922364218707368,0.8249290739499018,-0.18268729691703256,-0.43487908195563607,0.5857138130908934,-0.39255875184243194,-0.01112818920061233,0.023706347866440547,1.5675167568972146,-0.004145923002255623,0.6808530702975972,0.7347198180619221,0.07507943757934904
TCGA-A2-A0EV,-0.8599043985054157,-0.8741952944212635,-0.42093874075853094,-0.5087885077304003,-0.2166092204463855,-0.5141681923855452,0.0859250775897856,-0.005172471223740441,-0.17501605494029832,0.013515024311656389,-2.047795733184266,-0.9328732013820512,-0.928396675817013,0.1963281662714705,0.8302939375328365,-1.3784753926460978,-0.2434414084183061,-0.5478902346857506,-0.6083203564929244,0.5347830616293786,-0.9153282031922021,0.735741982590597,-0.18627690583731826,-3.1808864647443738,0.49094282194322486,0.4656374532304006,-0.394550243432147,-0.7117876249218911,-0.5361596402570667,-0.8886241544626541,-1.803942825683799,0.12046726819100513,0.37894830472907326,0.312314673844179,-0.8048265462286045,-1.950111800254696,-0.01112818920061233,0.023706347866440547,1.6380741484269465,-0.004145923002255623,-0.03691916407653403,-2.651021001341338,-2.6985527034558157
TCGA-A2-A0EX,-1.7690952419307349,-1.2586237729292677,0.5916778659435423,0.01567503728099041,0.6606795562587702,-0.019177439367090977,0.2505051320865264,1.655673037344262,1.6171104978465365,1.5758636856691026,-0.9859360615152764,0.44600968679521086,0.44157290943471733,0.9498324764434469,1.4675443817960105,-1.206504606596584,-0.796784421233645,-0.3900551564828721,-1.0909889488595057,-0.09258369495105201,-0.9503418635611293,-0.32259609299773645,0.1767294249867754,-0.14197871256140335,0.430320157129546,0.45082200479629414,-0.9755599710794475,-0.24343156595213883,0.14369260614837912,-1.6954739383536088,-1.8074282816843446,-1.4308904075432058,-0.18268729691703256,-0.12741582783044655,-1.6375202477959399,-1.39000351862141,-1.4385379257296929,0.17044091786456614,0.4041959735820899,-1.619904214133502,-1.911025765643373,1.093082920146879,0.8516240165720036
TCGA-A2-A0EY,-0.5818625799060199,-0.108850977683722,-0.18356236442752744,-0.42720281859487436,-0.3368394029422914,2.271955691068544,-0.8213384793318845,-1.1185247832157872,-1.0884931821766872,-1.0987858980400027,-0.2827129112264542,1.9660009217197505,1.9624586331600062,-1.3799328536937525,1.480625017836962,-0.33404909348570366,-0.7093437665071671,-0.10284101300868617,-0.5495630032906145,-0.860668591086507,-1.0355545398133046,-0.8330710399408305,0.20261633955967048,-0.5587534074248414,-1.582136752393001,0.27531567997828477,-0.8963418585678299,1.1088658289493094,0.11001127097157776,-0.47078326311351,-1.1539519103433804,-0.3421335691674941,-0.9940534511477905,0.14385527137415255,-0.6539707544357594,0.0012114570758848307,0.14760394073787625,0.023706347866440547,-0.12420264433741426,0.04559286198994934,-0.6453658344155249,0.10111249189063216,0.07507943757934904
TCGA-A2-A0SW,0.46024037806148216,0.37011798375781857,-1.1750273602143184,-0.4178537160727672,-0.0729715555622408,-0.8392604751611834,-0.7308056442753786,0.018713400155393984,0.05907553029777073,0.17286974400129215,0.22634818856070224,0.5358588660923447,0.49693370227382033,0.03616049598177245,0.6821783881046122,1.0064572166275434,0.8015451109266585,-0.44474467599886236,0.6117490589076006,-0.18688822981508765,0.15918613536662896,-0.10620360236421349,0.100015345952155,0.7468778123427336,-1.0040508498806098,-0.06932638215495202,-0.6115334514122878,0.5407221821224931,0.377297924503246,1.4477368095410394,0.6129313136851979,0.3229098882364675,-0.29751699649951824,0.10794199862880387,0.4127785724338877,-0.07805576101358573,-0.01112818920061233,-0.12638329553221445,0.18148388116658423,-0.004145923002255623,0.353927078146968,0.10111249189063216,0.07507943757934904
TCGA-A2-A0T3,1.0698921749087928,0.10282876996866527,0.7454921991997774,0.8929169320233392,0.7508015256964111,-0.724954289492663,-0.6082250829367856,1.1294160687801018,0.9944506107802833,1.0547728826221687,0.7205560788969769,-0.5301279472088922,-0.5267654884145067,1.05153852916999,0.0932582042376685,1.0146923133501078,-0.9261568068742966,-0.023956570593902084,0.7712972869841133,-0.34774271135008283,-0.22361630930283424,0.2704138368688459,0.329824838413783,0.16802699013465983,1.6315797329401627,0.32493917945110695,-0.8627517141672836,0.17004776784294856,-0.09666013227597063,-0.4633983727453401,1.7368910740400012,-1.130777861690109,-0.18268729691703256,1.0955596395059983,0.5189170067275206,0.6786331192059394,-0.41032966308015245,-0.6125503575343104,-0.1445262893221088,-0.004145923002255623,1.4383190564032662,0.10111249189063216,0.07507943757934904
TCGA-A2-A0T6,-2.070487186092557,-1.5209076022103147,-0.08797596614511552,-0.27693790874969126,-0.23496468508889828,-0.9918916179944017,-0.3586468855075996,0.3776967576782774,0.37426424868312635,0.41442330969126423,-1.4905806436091125,1.4577603379463713,1.4556239354647673,0.15452041840078803,-0.8671519165606701,-1.7704872565065024,-0.7883070177169822,0.3662641431681436,-1.9707798472142517,1.3866770707271463,-2.6460952800316098,-0.40001825629622595,0.6779503404554431,-0.6407757379876529,0.5039854935697353,1.476086170728019,-0.49591684688816495,0.2927963102569774,0.912187265490994,-1.6587045975258234,-1.6101994103024373,-0.5300006237762105,-0.29872546442140924,0.7935009297486931,-1.1512147716384122,-1.4667367393822626,-0.01112818920061233,-0.602602726678981,-0.12420264433741426,-0.004145923002255623,0.09650838869873408,-1.3408276921381974,-2.345353139282317
TCGA-A2-A0YC,0.011066969806646941,-0.47311582618395515,0.27574966680515556,0.331538256344918,0.16132597177867272,-0.3095344344322427,-0.9495429812737621,1.7797468203205649,1.7967799546665484,1.7653716530510901,-0.21889525935983228,-0.1596231546356941,-0.14119352970675084,1.4997375185911737,0.0441057356720405,-0.34289523876619243,-0.37380429766451295,-0.8211176689910926,-0.27224045860364854,1.8447804257450782,0.12637133679819426,0.5267948444083741,0.3763117101489568,0.6824101148010202,1.9396370678884627,-0.5899443163694127,-0.7415725527722973,0.24256196878782138,0.8919162278392788,-0.7981121775866066,-0.44165397503580495,-0.5885882790244267,-1.0170011114927617,1.8737809719680885,-0.7700419887218966,-0.33563345548885304,-0.01112818920061233,0.8343156682547862,1.4710188830708317,-0.004145923002255623,-1.7980148336247863,-0.2643551138119317,0.07507943757934904
TCGA-A2-A0YD,-1.0734365972232762,-1.2285416518676946,0.5819046380309485,0.5428887031741498,0.7494386584710572,-0.877240304902402,-0.8790137984498625,-0.043074305316817815,-0.15025923242984254,-0.08680090912302806,-1.5334355038507275,0.14259507830403487,0.14409666261061152,0.710450528825281,-0.8531931756182047,-1.726582677658352,-0.5216166403068336,-2.3534816854182345,-0.649215723590044,1.2104104649180725,-0.3693220854644913,0.2283847670284525,0.17564670173658622,-0.774741911905971,0.5830546184190789,0.7434341171886975,-0.926533370220337,0.17004776784294856,0.013937339102376841,-0.09409362282288604,-0.6362050420358891,-0.395921106160194,-0.18268729691703256,-0.2700233329956035,0.1596375867972539,0.9238883658234365,-0.719022535924941,-1.2250674269000363,0.42149261797158016,-0.004145923002255623,0.271573057212948,0.10111249189063216,0.07507943757934904
TCGA-A2-A0YF,-0.8878707752552362,-0.47502330098228834,0.4609211171505078,0.33987874564856574,0.49748694935360555,-0.25861691810610776,-0.06332056483170653,0.2846353569094189,0.3220597810376591,0.29697524794572083,-0.06174813114220255,2.1130444996643765,2.1125253318358497,-0.3140994637246732,0.15825342140701687,-0.6296614373968062,-0.8103114283692413,-1.0142526264269933,-0.003929640293034805,0.7186119181805336,-0.5500512279627459,1.2437603298326232,3.446094552083144,0.15433591957336137,-0.8780274869404668,0.417439680028974,0.4801281652345285,0.21106127062025173,0.8252989784122349,-1.2206969105067953,-0.44215541818670673,-0.5207028284265796,-0.18268729691703256,1.4231656659132133,-0.5454325808046699,-0.3267534154520992,-0.6998237008749167,1.641618773878298,1.7636057619405916,-0.004145923002255623,-1.6274061263856419,0.10111249189063216,0.07507943757934904
TCGA-A2-A0YG,0.29872669031951304,1.0530441782874913,-0.09665591000383873,-0.9002685102546791,-0.6034882180975526,2.261790440810015,0.6888789464233156,-0.2950577294409825,-0.28822199508284163,-0.32686531387784495,1.6189212526265215,0.8062358475246708,0.7859885207854619,0.08348927239902772,-0.22615920503208115,0.5717283064162878,0.20419844269566745,0.010982197066224931,2.4556776510182297,1.1595961458044888,2.0065352253646522,0.6958657473015529,-0.49482863529602644,0.14909522138754033,-0.41710762629297465,0.48746393139964556,2.5667586165158567,0.17004776784294856,0.716672858364959,0.6577604882147757,0.8031671992692014,-0.8215052164914547,-0.18268729691703256,-0.48625875762048026,1.7712534878476676,0.42407524230157856,-1.0073524744113465,-0.3707243063959676,-1.1592871252527563,-0.004145923002255623,0.09650838869873408,0.519881506956505,0.07507943757934904
TCGA-A7-A0CE,1.6287879575971742,0.031009262945186786,2.7720690893628723,2.8116974325694253,1.5477900264281739,-0.4670205363668949,0.34261806286838214,-0.40280876999533305,-0.35437538851141354,-0.33440892322270094,1.176428538557972,-1.7323021255103002,-1.7041660786291186,-0.47402102361681664,-0.7030409666822123,1.0932381161405351,2.246180355748761,-0.15398609973946933,1.2615413115835339,-0.4342967618316303,0.9206817385970635,-0.7841491861849726,1.5987583133895824,0.7120937776773876,-0.9500478466141493,0.8259648826234122,0.9139126063433565,0.34643322515274305,-1.7673725115997183,0.7511594900602759,2.2954162188357623,0.3393246030196272,1.6818285743129908,-1.4383409751252534,1.3309218329869206,1.7782636209515996,-0.01112818920061233,-0.9997173372372191,-1.7345254151632703,-0.004145923002255623,0.8155423029287614,0.21811230340904247,0.07507943757934904
TCGA-A7-A0CJ,-0.31772454942873934,-0.9909808124386784,-0.38440609990303326,-0.30922751818105904,-0.38567442098196814,-1.0270122844687934,-1.4806478247349204,0.3591918790792468,0.40639494882798605,0.39917142140338124,-0.6104807842249736,0.1625209821072447,0.1639674477325399,1.7410752331989447,-0.26083499128397664,0.461182034274409,-1.9950156291472738,-0.8548006437381064,-0.5989728596740235,0.20174186323038032,0.8062686230506483,1.0536087125451254,-0.4257213823496694,0.18223195528411634,1.093660081279578,-0.5063472773375615,-1.2489484348794704,-0.6953122776690099,0.9491376484079508,0.2534145366472168,0.739011905017693,0.9074583563617338,-1.2312127366921377,1.1909446512788209,0.8581185838804851,-0.49280372775411607,-0.9307445582551419,0.5472810677163896,2.5085799542851617,-0.004145923002255623,0.41123964590173023,0.10111249189063216,0.10164775398439241
TCGA-A7-A13F,0.8129388754232459,0.550539923454351,0.40859180821403235,0.017967102230702078,0.4394812944980493,-0.22127730508876833,-0.26020873733109656,-0.08919837529371763,-0.08135086844080373,-0.07481073665282652,0.7419267401994999,1.5065058367541837,1.5042345953393383,0.4877162727894336,-0.1095925795833602,0.24451154976912085,-1.4758334318843909,-0.1642440285920851,0.616713685746774,0.8811105932491615,1.61175071169125,-0.4434858339084435,2.414584554261403,1.4015688545788743,1.0003554019984466,-0.5739751253807629,0.22724510426094705,0.17004776784294856,-0.06562351182760068,1.780283850730453,0.824432485521065,0.6641374761172422,-2.202140652091561,1.792586272115294,0.40556293428904927,0.6618448762662682,0.4343394773439482,1.2937535182727633,-0.200851475873608,-0.004145923002255623,0.3525081146679671,0.10111249189063216,0.07507943757934904
TCGA-A8-A06N,-0.059241350632635074,0.4952129422531636,-0.40181025694436784,-0.36027555052924115,-0.6950693055587274,0.11439110478493811,-0.7364511831578097,-0.041753462186131796,-0.010812495803442988,-0.02226474031979013,-0.7469860730972007,1.287053386106221,1.285389190163599,-0.2097855978752776,-0.9365793184702593,-0.9119300272946071,-1.5350487760733675,1.2801904313433077,0.09714329156584355,0.06680554917450597,-0.21250813297127139,1.9764201581177812,-0.7810941156612985,0.16802699013465983,-0.6564535408058261,-0.9532496755553582,0.0010607766904525912,-0.22555484237200202,1.1189153834869487,-0.81609458139437,-0.7262138854514372,-0.5449791813280663,-0.18268729691703256,1.2801761191835077,-1.0311253230596118,-0.011261189033819464,-0.01112818920061233,0.5976134620240823,0.7889370438202223,-0.004145923002255623,-0.01349445434120692,-0.8220159576765909,0.07507943757934904
TCGA-A8-A06Z,0.797391112319083,0.3160641874495077,0.46051418197862803,0.25340296134203644,0.3231636834926169,-0.027949882210409484,0.8990510753734781,1.516112109899768,1.4521669541787117,1.4458527544819484,0.3316293774936334,0.6559922243520955,0.6560736585895314,0.6322913920514189,-1.3782446768879157,-0.11194129339010923,0.1890949791049488,0.38588936334180274,0.3156783867554771,0.8646533705498638,0.781385700136426,1.2636698505343715,-0.35037445724209254,0.519856229752169,0.00409471573744024,-0.3184000334514342,0.7442873963785727,-1.3524438775907082,-0.13778633283513314,-0.06714533438546026,0.5482071607108487,-0.613942082663581,0.8939722829108897,1.2384792741989799,0.5140356545655576,0.005162923277162957,-0.01112818920061233,1.1221775718776374,-0.12420264433741426,-0.004145923002255623,0.10128111338955974,-0.12651305076558042,0.07507943757934904
TCGA-A8-A076,-0.5449975612436081,-0.7350243233262025,-1.1442871396975114,-0.7803536783027886,-0.9205885967312533,1.6725538497701535,0.17140206429154398,-0.33085585097249254,-0.3486832981130529,-0.39853664614192574,-0.7262655263481349,0.794256710484021,0.7939556799550447,-0.48095832208160433,0.1048294924330872,-0.6626343927380748,-0.4383886349260035,0.7127094135793324,-0.6214031388200033,-0.30353439655844555,0.335056269758632,-0.30991402119626776,0.2687772335469503,0.045153209573263936,1.3815029914984398,-1.3483868357642441,-0.26604318637348595,0.733127354486166,0.24564691761418717,1.0081377058543781,-1.2741296979324879,-0.03545765094829978,-0.18268729691703256,0.19280232929396265,-0.19762590706377345,0.42040823250547854,-0.09715841958129949,-0.9603679551368595,-0.42338885525028624,-0.004145923002255623,0.09650838869873408,0.10111249189063216,0.07507943757934904
TCGA-A8-A079,2.161364634191086,0.7327360398192307,-1.0435537727729807,-0.6540610521633788,-0.36820406591579363,-0.3646810367844318,-1.4935266131311549,1.0961883870196518,1.1098619187658467,1.0999929818194698,0.9526601005131263,1.1883595680437922,1.1869683771882145,0.9758945863893088,-1.347745820418107,2.2092116948674505,1.7827714008597597,-0.5303156762453802,1.522269664234281,0.488097053382816,0.9555480678100496,1.8270601198417422,0.11520478463702424,0.5861735551498565,0.21343809397605182,-1.6111435783766512,0.18836526509707424,0.40719024755745464,1.5212715579285292,2.1904363009281362,1.9215297070060628,1.5483694686040528,-0.18268729691703256,0.8543307741644982,1.1598687909301038,1.6327682770705285,0.827106186264091,0.3789901406093155,-0.14464923856635845,-1.0855423778942306,1.6746982326312514,0.10111249189063216,0.07507943757934904
TCGA-A8-A08Z,-0.09931748867625594,-1.0770993302444072,-1.1672054041653523,-0.5909824835309492,-0.8694738057837789,-0.6910542010929687,-1.6678682303769965,1.3619674874965026,1.3900736715802133,1.3753503742672268,-0.36845742271085924,-0.2220191312462289,-0.2211319740467562,1.2526919545308337,0.2878200052762531,-0.9329782854826281,-1.6744900259219626,-1.899552782415079,0.09714329156584355,-0.27512430450564695,-1.7942473272627306,0.3410236667716957,0.625700058350033,-1.2116024638313039,1.0557243115999828,-0.6792462819596823,0.09648431522716742,-0.12474051926912917,0.9945580119283809,-1.1566527576611396,-0.11680346307257569,0.07824893912411565,-0.18268729691703256,0.8302808991596077,-0.7406841549198716,-0.011261189033819464,-0.4517121976784103,-1.870955897034717,-0.9709187980311258,1.4909866923530788,0.09650838869873408,0.10111249189063216,0.07507943757934904
TCGA-A8-A09G,-0.7158988064208134,-0.36551341573882307,-0.030556959949325037,0.05431022469281852,0.0007723333612530516,1.133910671319946,-0.5953454928041431,-0.4400644055179385,-0.4241429152720322,-0.403677020404127,-0.6841969897105482,0.9157194162012108,0.9150823976924608,-1.9356939213238082,-1.025089708177909,0.07270418421150297,0.4491695882904159,-0.7380218484311504,-0.24868561221319566,-1.2337650754919967,0.286824473170933,-1.517182869633194,0.559470575701023,-0.3845470472437392,-1.5730537222044252,-0.14484161599131973,-1.5154583646414137,0.49643614791783913,1.351964884193542,0.19849830719446027,-0.8608832214485129,0.03814499673852562,-0.18268729691703256,-1.2435070076642256,-0.7506305469567212,-0.4904760710400316,0.5709687691663243,0.023706347866440547,-0.12420264433741426,-0.004145923002255623,0.5888620881988992,0.10111249189063216,0.07507943757934904
TCGA-AN-A04A,-0.5782346294970742,0.5201224384688905,1.6934326021243256,1.9770646084705148,2.040644036359887,0.49846444403211876,-0.037038443477741934,1.0675737430386676,1.0224021555870442,1.0400779939675795,-0.03350551352462377,1.8862249435107599,1.8829033298453763,-0.5704713595088071,-0.8750299279629681,-0.6888183125592386,-0.44685220852051727,0.7171595500487771,0.5004340780479183,1.1164734940251517,-0.09410541881247891,0.2869155769966984,0.12016043117018221,-0.03697129396109464,0.44664877183620555,-0.4451691140593935,-0.14502750305005607,0.17004776784294856,-0.6405191308535841,-1.1385409171727459,0.033471539558675455,-0.03545765094829978,-0.18268729691703256,1.3503597323340375,-0.6578944888446698,-1.5747905577813426,0.797756649590182,2.2676019763616044,-0.12420264433741426,-0.004145923002255623,-2.18614456376639,0.10111249189063216,0.07507943757934904
TCGA-AN-A0AJ,1.4052223999313724,0.09177531450677723,-0.6918868987448522,-0.5267850424862309,-0.8282546559721297,-0.4711503847676739,-0.46623835740441233,0.2790942568651548,0.27860764894313894,0.302663214391459,0.5057179764652866,-0.26284788586456814,-0.26022477242985187,1.040975169362647,-3.2484054378984846,0.09054858667971122,-0.13536243421116592,-0.828377397877805,0.257786682070004,-0.34659388959229476,1.1241034939573797,0.39062356788506075,-0.5100305696767493,-0.128807904461314,0.062115772822843654,-0.2653077473177684,0.7261870199347734,-1.1098762919053589,1.169474062456155,1.7473473861848863,0.8234089965900916,0.2635659458102244,-0.9435920404200671,-2.3800105577514032,1.1631954866842926,0.5107820666245367,0.5725713447569756,-0.4105835239476367,-0.12420264433741426,-0.004145923002255623,0.09650838869873408,-3.7699688816446457,0.07507943757934904
TCGA-AN-A0AL,-0.2774331450102732,2.448443130763648,-0.6768585649415617,0.653022472221316,0.14364563422114487,-0.2540644013945347,2.3179143368623656,-1.0364101018293403,-1.033218019917426,-1.046565804173315,1.9585172205302837,-0.5393129611271849,-0.5359250949103944,-0.9403736065767324,-0.4401370328132955,0.9241940375763448,2.06629310370537,0.8891242213551901,1.0993607885281937,-1.096205814238045,0.7001212156779265,-1.6803626503923077,-2.0602178486405056,1.8734423640358617,0.0025835608932745385,0.206037636377323,1.3196256129378607,-2.1224721024037128,-1.5145707361282128,0.3021830885991791,0.026103505384015773,0.5277285935875518,1.8619138947277303,-0.026747201621429434,-0.6562190197611151,0.7775987781035671,1.9273208814649379,0.023706347866440547,-2.2393597634525646,0.1845249419463531,-0.1476266047717373,0.10111249189063216,0.07507943757934904
TCGA-AN-A0AM,-0.17591612621513633,-0.04966039802070918,-0.9905081608136601,-1.232797176845052,-1.6519995970945618,-0.8218170579852486,-0.9988355339359389,-1.4477816361267493,-1.446611392888422,-1.5885745277098924,0.17788203641281466,-1.3578887889645717,-1.352236592828052,-0.9854678710898491,0.44337376522483274,-0.18087828227723618,0.4227799129593753,-0.27310804977246067,-0.5739833220841541,-1.0659792491330375,0.6990535869695959,1.0526685631996229,-0.9474639726262252,-0.3628635356774918,0.6572354058203356,-1.2453377884118522,-0.7617944469758723,-0.7160056332285389,-0.3511839795767504,1.393493825662963,1.1960816414864979,-2.4987614967775706,-0.6390405601974201,1.30684661117974,-0.5382810573901053,0.5638206699402987,-0.01112818920061233,0.023706347866440547,2.0156413186573476,-0.004145923002255623,1.217506919744208,3.1096968426610117,-0.5067793365186125
TCGA-AN-A0FK,-0.873270447376623,-2.1659512763457625,-0.22112285164137874,-0.32768494009565413,-0.19007898637155338,-0.7558631963100897,-0.6827774544565319,1.1938159105711974,1.2949898628982073,1.267951161754715,-1.2151478716085329,0.8985648628299109,0.8979752969420878,1.7652371268919187,-0.8165489028864094,-2.1129743234779705,-0.8050119896549275,0.004220541394542846,-1.4691566534758067,2.4204482713275697,-0.9823969738780723,1.2040943182108454,0.3184500322078437,-1.5286732548453095,1.3347471588198276,-0.957657186647843,-0.6007298324433196,-1.259181694896329,0.885380641923728,-1.1614753731485696,-1.901635169932305,-0.9639367072648188,-0.18268729691703256,0.5251170762555968,-1.2816541683987515,-2.4235796339453417,-0.12244717065095437,0.11142904195976752,0.8820796236252011,0.18631246790193848,-1.5635346639024206,0.10111249189063216,0.07507943757934904
TCGA-AN-A0FL,-0.04620964542983144,0.7273686007414252,-0.530473521019942,-0.5075454556194948,-0.8297873563960237,0.05679275319364907,1.634600053151889,-0.9282771319078078,-0.935854024852355,-0.9316298527192522,0.24163169717409222,-0.2680808319832764,-0.236615839526785,-0.41410647479299467,0.005904591120188398,-0.0234410221745704,1.8176473089180571,1.365418477256925,0.2299371993065317,-0.5087078137403639,-0.7969617377788758,-0.9239277067374109,0.10616353971262196,0.5411552855397014,-0.5509931132261857,1.8195732896890098,0.05854603306801033,0.17004776784294856,-1.0223201967056923,-0.5489099719839418,-0.16438328395807766,0.021089187421970017,2.174233933334925,-0.726194837963227,-0.11062733380076446,0.9407308494323029,-0.01112818920061233,0.5749516343737372,-0.12420264433741426,-0.004145923002255623,0.3057741740792406,0.10111249189063216,-0.08761315804139948
TCGA-AO-A03O,0.5683902816828074,0.539344522408874,-0.3871907355788358,-0.458288137848926,-0.3043622647375326,-0.3356488887219539,-1.264888004114639,0.8268908034570555,0.8727370026468823,0.809318445752784,0.043762182167375874,-0.15290724795313468,-0.15058825035882217,0.25825744759748587,-0.6052705679882471,0.6991448929491711,1.1904486198636695,0.46868227944967206,-0.1337061120577552,0.10388799763009361,-0.11831425558705749,0.6965626462266336,-0.8575407858427966,0.15379099975873758,-0.6099984513149462,-1.5384975117833797,-0.3165028560345051,1.5208762299087781,0.9970075829954242,0.487647835380394,1.0446526808838352,0.6660024558982832,0.09880590445965169,0.49858011220266757,0.18798528565893458,1.0733551375568728,-0.01112818920061233,-0.11117941393385113,0.41492512030824014,-1.642182432877676,-0.4779977546486507,1.140372643727825,0.07507943757934904
TCGA-AO-A0J6,0.16662148158271167,-0.2823018262627471,1.091170076971698,0.9573135824499752,0.9700698376852079,-0.14805487832063743,0.6221784087983887,0.3009842225670346,0.3425192084528729,0.33885417719476185,-0.9253839704462414,-0.24260088344636785,-0.24003377691022013,0.7554323386029251,-0.07152331411704274,0.2514892685923946,0.5175561895577862,-0.44104744062511836,-1.164336946834819,0.9795485699175723,-0.43915415894267357,0.5545156938531168,-0.19261437578516646,-0.596301104780724,0.1563174341328483,1.8974557310569344,0.7394169692446401,-0.09797378770976332,0.09474481491168267,-1.3659154097747763,-0.26222150567210784,-0.8160166256825562,-0.18268729691703256,0.0004370435102805617,-1.0665863554591815,-1.831740196055845,-0.1104135538254042,-1.600243468747622,0.26801489899726877,2.204251939677044,-0.4367521118610623,0.10111249189063216,0.07507943757934904
TCGA-AO-A0J9,-0.8921807572936401,-0.4117847171338361,0.16362073907057972,0.04275231717557878,0.2464371958604098,-0.5614988837979572,-0.25585695753652693,1.1577080413584548,1.2380607117228797,1.197071914242606,-0.9082778838502986,-0.08830091118717727,-0.0861606264944291,0.9791008862136814,1.1569405555245258,-1.23635765059531,-0.9335566436322831,-0.8994059623518238,-0.6968668462713539,1.0560827180416703,-1.6080171697089147,1.0530533266907227,0.8597028270415569,0.27056364448076803,0.9946821665501032,-0.5686631497577175,0.47100364567372277,0.649372157338704,0.6697111640391896,-1.6396528751634238,-0.5407500376606976,-0.924447763366673,-0.18268729691703256,1.0685613686320516,-0.8414522055921729,-0.011261189033819464,-0.01112818920061233,-0.32464629797323,0.8276630775173754,-0.004145923002255623,-1.2059237490571888,1.7436315908358164,2.2335743572097644
TCGA-AO-A0JC,-1.6112284364099072,-1.0010260444690073,-0.682549544552398,-0.21777369629692722,-0.8207625613416397,-0.10764165513577824,-0.5036569871948134,1.465959397590045,1.5303956165330945,1.5167378033226673,-1.3395716803967759,0.8217651411129901,0.8340969270947611,0.09506198400104537,0.9869252629489194,-1.2349822706994715,-1.8867900468375944,0.8295424390561011,-0.8920271482070783,1.2269883902573493,-1.1482917388368332,1.643151901980437,1.3315114281952212,-0.1736551887238213,-1.1646420091629404,-0.553451607452666,-0.019932222817862513,-1.9146420817933185,0.3640324222606903,-1.3193100734651735,-0.11680346307257569,1.4915747879335652,-0.18268729691703256,1.241858014903093,-1.6907390891861411,-0.011261189033819464,0.3294619017487443,0.09874309060046436,1.7857280290720263,1.5093548454607895,0.09650838869873408,0.10111249189063216,0.07507943757934904
TCGA-AO-A0JE,-0.5820788039366582,-0.5775262868137458,-0.7009249506534067,-0.9051505140548757,-0.794974562859388,1.4085516066534371,-0.16138380925388277,0.06170894409558661,0.05414858944844606,0.07893154899803709,-0.217442782968774,-0.5062633828237402,-0.5029669377636,-1.128371226972649,1.9528818402592403,-0.8555643672828256,-0.9531336123110036,0.15718364702858384,-0.46752672080105256,-0.8539523636602397,-0.7282923436471375,-0.8038222379642284,-0.2895891291319951,0.4109278759207056,-0.08181492412181243,-0.17086874311291264,-0.33812054318392853,1.2658915323560544,-0.4318749040284198,-0.4572220238803807,-0.5510615601843598,-0.21866393590936636,-0.8779285617828099,-0.7542828135750117,-0.4057888643768841,-0.08088192610037342,-1.2835547293332368,-0.2959253099846807,-0.12420264433741426,-0.004145923002255623,0.09650838869873408,1.1390393683998845,0.07507943757934904
TCGA-AO-A0JJ,-0.26698415548757576,-0.7731034424080423,-0.3262863124848853,-0.7258210936859095,-0.4486656968862321,-0.03825820488475854,0.038647337122959584,-1.2128296087504926,-1.248577417044429,-1.1694146050826812,-0.4223951550249943,1.1123126657087175,1.1111318344440342,0.4757265501408286,0.5537273726880446,-0.22046345695293598,-0.010633463109905794,-1.7184829232888088,-0.4386167539521708,0.3939241029538946,-1.1397857389803818,1.1103672377605938,0.580593718739513,-0.5911515050800963,-1.4424212797163063,0.060351518709065126,0.26773150969094034,0.5405717641734277,0.82535254724196,-0.7653255389769202,-0.4215352343776953,-0.2501189660774589,-0.18268729691703256,0.6841793162588443,-0.5254169443630433,-0.7728432544785206,-0.01112818920061233,0.44771444562638185,-0.5793765480320768,-0.004145923002255623,-1.1186942566714682,0.10111249189063216,0.07507943757934904
TCGA-AO-A0JL,1.308694091966288,-0.2921840850845809,-1.2605880991353322,-0.4304516741687882,-0.22120205684452685,-0.05824366691831434,-0.08871739521750206,-0.13535892232777536,-0.10883940198672343,-0.1498092981005798,1.4415833523980566,-1.1058998371922135,-1.2972325436926833,-0.05151345217277332,0.6500934906792639,0.3956685545631214,0.29038872955839795,-0.23577389593630593,1.5812816229222086,-1.232069747414908,-0.9576518354528801,-0.8741926072090476,-0.5289386507397389,0.6301272928693953,-1.0904986079944656,1.6617275802788718,0.42492167292233113,0.6094419316309881,-1.8590286910473428,1.1025819397025012,0.42414589945427866,0.9052648223059451,1.2757873143721734,-0.6742778611551423,2.346491354736179,-0.13218836818891713,-0.01112818920061233,0.9396123269908098,-0.003857105106969052,-0.004145923002255623,0.5598927534299413,0.10111249189063216,0.07507943757934904
TCGA-AO-A0JM,-0.16245808825596234,1.5022560470067758,-1.131294629620622,-1.786087323988305,-1.4932804659712497,1.892456699142488,-0.22045088099804672,-1.1626655350247541,-1.1609886919479524,-1.1456215153125169,0.4098680846918937,0.21328179156170987,0.21458784353723842,-1.484217263182163,-0.24170115402526754,1.2323452169385791,-0.9037341071689737,-0.931563335881132,0.4856685727132533,0.4907013343385029,0.7284876614505944,-0.4482246239534088,-0.4578413545287241,0.3983793441288757,1.4212710191559015,-0.3450381792123522,0.592507672398183,0.3452107550097686,0.4881096999755788,0.987406792578499,0.7686378495521585,0.7265052338654103,-0.18268729691703256,0.1542862116681975,0.49943097574114204,1.3084740235780925,-0.01112818920061233,0.2186042383947898,0.1918667173055753,-2.4543090108242214,0.7469610146437164,0.10111249189063216,0.07507943757934904
TCGA-AO-A126,-1.1748248769888943,-0.5424660237160553,-1.4191662639173719,-1.2146678428633082,-1.1288407075204767,0.3861380166893953,-0.2252959394511931,1.8864205371152538,1.9210755305020373,1.8744447367261134,-1.1982477566320688,1.880704517898858,1.8773981747367774,-0.09454066144589097,-0.5983040794178659,-0.584296342940934,-1.96708879779267,1.8752279410684487,-1.5097302811437399,-0.8566495808321163,-1.0278995388344436,0.29032812392959484,1.3383912171142454,-0.9680288054584502,-0.1481676755849881,-1.539641419484354,-0.038691800505038634,-1.641983698963933,1.1884532389085762,-1.0145502746450743,-1.7347106124202762,-0.03545765094829978,-0.18268729691703256,0.9895558267474227,-1.3499652165631357,-0.38115535205108264,1.0824981528641384,2.1281566359592663,2.330390569059214,-0.004145923002255623,0.09650838869873408,0.10111249189063216,0.07507943757934904
TCGA-AO-A12B,-0.6562753836203162,-0.47208365273442193,-0.5482942273493866,-0.5201567920064167,-1.143596325365029,0.027762114648762274,-0.28283149524538936,1.092923635193364,1.104405173641017,1.093913382007489,-0.71995336861415,0.3878023624745297,0.38988120613109284,1.5620623632343278,-0.8315203156454256,-1.0532794820490332,-0.22884674137998162,-0.8725444048373574,-0.8401672881708689,-0.4541283767282979,0.08079821867354682,1.881630650951536,1.9396746183037377,0.3362744764057565,-0.9970504616862772,-0.6428627171680524,0.7291063178716765,-1.6307385627100188,1.0348272149909346,-0.6094456420908927,-1.424702047759371,-0.11655511311373731,-0.18268729691703256,0.06919837801041658,-0.1598403236311828,-0.22339279473570614,0.15423293921529213,-0.05133039486758328,-0.6348612420874403,0.6325351303061455,-1.3779634488255348,-0.8263904733715336,0.07507943757934904
TCGA-AO-A12B,-1.088642157194659,-1.5960966197336408,-1.1113337831569432,-0.9958828520841697,-1.1858190885904418,-0.8686628588025325,-1.4042272016147654,1.105427887102324,1.125124090426466,1.1914196569804085,-1.1845832626064947,0.43268405906626933,0.4877041677240119,1.562711752686418,-1.335321692918497,-0.40968605729430857,-0.24974956731577067,-1.0214391321834453,-0.7572677424243832,-0.5479961710138385,0.05627894525612956,1.8838267495632322,2.1295026794809826,-0.4750640336615805,-1.2155976084165712,-0.38742984556583726,-1.6341212488198853,-1.735308015991632,1.3693616970416311,-0.48319377964937804,-0.7048002945358796,-0.03549760651849277,-0.6344135499203237,0.5955607103790055,0.02144888781586774,-0.054505247945118136,0.07112192531950579,0.181354711291111,-1.4060356607474243,-0.004145923002255623,-0.2027819098291185,0.10111249189063216,0.07507943757934904
TCGA-AO-A12D,0.6167620863660119,0.00790796125037239,-0.18244379569117677,-0.2515219219984962,-0.3703150594956312,3.462090749009938,0.9841410514197974,-0.2227048412286668,-0.19258127942416442,-0.2167207914188138,1.6059787044426863,0.4435404600833744,0.44248364036213766,-0.1557185385320126,-0.2127080106457821,0.0017900967182080912,-0.6113550484407351,0.29828629155910247,0.1729330090503331,-1.375496192076141,0.33889646559403747,-0.6639711087343347,-0.6310323777687386,0.18487058720309324,1.1274752083472999,-0.658726022980544,0.784748395751657,-1.5964474934439472,-0.08688573085633594,-0.9143999129750069,0.6760176533007243,-0.7184449925990161,-0.18268729691703256,0.06919837801041658,0.042121002839081406,0.0761231242598567,0.6441158584845195,-0.7112238957978999,-1.8045560296878855,1.9731565585887383,-1.1983927709072957,-0.4700583771964589,0.07507943757934904
TCGA-AO-A12D,0.4870288286331496,0.09191298860746305,0.04590257376381491,0.11517228387242749,0.21905996624503682,3.391326436690354,0.906633420905643,-0.033693856589399836,0.01758688514874784,-0.07879490395796246,1.1936383176377905,0.45393526040501,0.4545756210282443,-1.2316788714842264,0.1220487201357338,-0.2068263504324396,-0.513154581047816,-0.511960540343763,0.1815455529111522,-0.8422182272807451,0.18589170289252016,-1.629294955029,-0.7800359437542567,-0.09310758060125905,0.882155521202092,-0.7195776946794175,-0.8042266222234504,0.17004776784294856,0.021375688579093565,-1.0182397469091162,0.21328396081053683,-0.03545765094829978,-0.18268729691703256,0.03865004968268922,0.35001654034280266,0.15398440022558135,1.0814297295939594,-0.10329274429012103,-0.12420264433741426,-0.004145923002255623,-0.6690346000640186,0.10111249189063216,0.07507943757934904
TCGA-AO-A12E,1.0095713852492467,0.6063517748346889,0.753625055421418,0.674059137315434,0.9719617544569779,-0.22247898357237256,-0.26157872406298927,0.9671307123631734,0.9723596581211829,0.9735060504387644,0.49751242194091927,0.8393598630747918,0.8389340690060038,0.12251531190311761,-0.5960316252873868,-0.08442456797074308,-0.3959596055655054,-1.8718893926419493,0.09714329156584355,1.4042596290918294,0.7865316480235713,0.3596211877218446,0.19945092358588148,0.16802699013465983,-2.444749692722294,-0.5028502948920271,0.0010607766904525912,0.48074564623792865,0.44255064950985085,0.19142911271900154,1.3104730331853296,0.43631277816047054,-0.18268729691703256,1.0522960327031488,0.5587751201291712,-0.011261189033819464,-0.01112818920061233,0.6087147951819128,-0.47376968716665446,-0.004145923002255623,-0.24732200848767322,0.6449491831798342,0.07507943757934904
TCGA-AO-A12F,2.126115200752993,0.4531338648693821,0.9337355769886195,1.5473274316476133,1.1348713922249336,-0.14001634477286304,0.2285235438993713,-0.1945767299788357,-0.19820339391998282,-0.18365918753488764,0.8522566873017955,-1.3030348903859894,-1.2975344301296918,-0.09774276776578276,-0.5862349028586519,1.40650598445014,0.42846560431417285,0.518196348802273,1.1316549788256585,-0.7855636979359957,0.061267185391914725,-0.47910366086464706,-0.3117795077553095,0.5737461142070416,-0.6330504750664775,1.0045674373534597,0.9974204747101993,-1.5878300361864945,-1.5842769272102306,0.5846055107553434,1.006872018121541,-0.663029869946696,0.7505453425073728,-0.5421395629730515,1.0697320712992369,1.0449606328516408,1.806133247199242,-0.08409575372670065,-1.0630085753102445,-0.004145923002255623,1.1904657153314682,0.10111249189063216,1.3451288425270207
TCGA-AR-A0TR,-1.520023439273424,-1.5171000255338123,-0.428953963116265,-0.5018798058199673,-0.6211100047557662,0.013506016322946126,-0.7409474899077206,1.2014703199353873,1.2454221312902158,1.1949358956153355,-0.7828859576504407,0.3530781003495257,0.3539974502580115,1.7489464855930634,-0.9950893979715856,-1.098614608982896,-0.592262227908865,1.1910308738891635,-0.777665835121678,1.3375781195264251,-1.6728186084256724,1.5482615371627408,-0.031070940765453893,-0.7501641820750925,-2.0402571485371848,-1.4518803971684142,-0.7521552157214657,-0.6290551819757488,1.1774015025184477,-1.181558339655459,-0.44340265309822596,-1.1138287001205351,3.756693083559913,0.9762664705555439,-1.1974262024138327,-1.6882752882955372,-0.01112818920061233,1.521847269150499,1.9777713161344317,2.6194936716946025,-2.393137516566087,-0.5916054714619894,0.07507943757934904
TCGA-AR-A0TT,-0.8481795615046538,0.5962388134879256,-1.6918055756293693,-1.0483931880916815,-1.3922372662577052,-0.982272287773299,-1.6031831826758733,-0.305847079695391,-0.3172703431103995,-0.3169468352089578,-0.09451074416839644,-0.31139911970821366,-0.3268873341905838,-0.3008673982903426,0.9078847106179195,0.06263602972535276,-1.0372137333929168,-0.8213396638414316,-0.02895976190622684,-0.12663397383521233,-0.043033473884213296,0.0553943154461787,-0.3698293779937035,0.27169569434203145,-0.7995968316946644,-0.6015252529771445,-0.22998688418198374,0.7150885811244769,0.18394287756384436,-0.8330065857255763,-0.43299795243569905,-0.15630742504071476,-0.20938176937845823,0.8811793276437373,-2.2908597773674293,-0.3094129003324723,-0.5255924125412704,-0.4828859504581485,0.19497262868366044,-0.004145923002255623,-0.589323959035638,0.10111249189063216,0.07507943757934904
TCGA-AR-A0TV,0.19397237462604403,0.6861537457347354,-1.0356544406619619,-0.7991651099904112,-0.959849457914186,-0.146573593786283,-0.5483629148889095,-0.32582746288698716,-0.26488966276279147,-0.24731125983980665,0.276024200528201,-0.29217562363972055,-0.28947138433753555,0.5638593500603871,-1.1865567627578795,0.5248381824004492,-0.31456621154398945,0.6507867933869751,1.5098584419485315,-0.7662971065696439,1.0421027114347179,1.7476616423481233,-0.30978303689611375,0.5296984143399989,-0.914324613011591,-1.2923979968837875,1.5946685999794523,-0.9449830062184559,0.3552330381680635,0.44145708931544736,-0.296241320245104,0.353150019140037,-0.18268729691703256,-0.28716941345793,-0.04258479278692722,-0.023733835143523757,-0.01112818920061233,0.12575486968893504,0.32757385882324386,-0.004145923002255623,-0.35853843810160346,0.10111249189063216,0.07507943757934904
TCGA-AR-A0TX,-0.8789521507360629,-1.0954219445904991,-0.6597305844948349,-0.2531015379832795,-0.46293568970170734,0.9985663583712024,0.7944004707347607,-0.3275056958096413,-0.3891650905149798,-0.3793555443505724,-2.5966452233928097,-0.40851369582158925,-0.39563002473915343,-0.0018043170401595952,-0.8414363349687026,-0.641871067383235,1.7274580449018047,-1.0367834837866536,-2.0263772000509728,0.10885793125455054,-0.6384609054569655,-0.7450001371203165,0.07848327516508878,-3.694427962008634,0.7734026590420766,0.8192460117560028,-2.3937743725777403,-0.16694982477125136,-0.14226234678384667,-0.7660655457163523,-0.11680346307257569,-2.0087533580946504,-0.18268729691703256,-2.236750892817017,-1.5848022467055396,-0.011261189033819464,-1.9725506250568339,-3.5990574738870107,-0.6786969393090909,-4.201445930338816,0.09650838869873408,0.10111249189063216,0.07507943757934904
TCGA-AR-A0U4,0.6927183446384503,2.1685135226225336,-0.6995382170287118,-0.8638685440299565,-0.6173303809935451,-0.9837208408576135,2.7379877659331027,-0.9027588449003149,-0.9075603533589409,-0.8812509263223856,0.20827909825843938,-0.761034544633529,-0.7570333561094948,-1.075576785700607,0.7131278215158996,1.1348964305446425,-0.0034376980857032443,0.9939802852188745,0.5752814244507424,-1.095047585469556,-0.41640334369930326,-0.9250149480741929,-0.7239581619576559,0.5126922857744654,-1.12238442020617,0.5804108188599755,3.0787722741724814,2.116035548809161,-0.8843395919956035,1.3069963799745055,-0.44680834736917757,1.8458856349591715,-0.18268729691703256,0.9873516891970735,0.789781394068876,1.2744662958820172,-0.01112818920061233,0.023706347866440547,-0.12420264433741426,0.8624199102964116,0.6167740879925478,0.10111249189063216,0.07507943757934904
TCGA-AR-A1AP,-1.771296769210269,-1.6160666436496038,-0.01723345395332947,0.13764772757189753,0.6642857653727805,-0.701949654404361,-0.641289915191472,0.29755997652323984,0.3192187204523562,0.31488611069312816,-0.9860215539965858,0.017828320003767682,0.019675031901704176,-0.5336443903780466,1.1623930459669505,-0.5713719675095448,0.524911457022215,-0.6273031640699772,-1.8611765004425374,0.16335310918309712,-0.19546604034937365,0.18676275628977107,-0.18527683055988248,-0.6502925760503604,0.5157615807210858,-0.19892548122831152,0.6022908589642696,0.3389428565923298,0.19165574276332223,-0.9029306183074763,-1.5824657557205908,-1.0583850935871235,-0.18268729691703256,0.62787885516644,-1.527315246292038,-1.6192747947498485,-0.8728427037979671,0.1095143164091741,-1.4809267592571034,2.588030338824174,-1.612847764300814,0.10111249189063216,0.07507943757934904
TCGA-AR-A1AS,-0.22380849003841372,-0.07655480374374951,0.10641792354089358,-0.10947639932420018,0.4069851214685706,-0.6476069777283833,-0.5552282437043586,1.7718059103480026,1.7740032754820394,1.7515725939704916,0.1312692571447335,0.657996087098346,0.6580719782862353,1.2241186806329365,-1.4108877409086484,-0.32300097609670125,0.7802682958200244,-0.006560616397926879,-0.8345381619068848,-0.2487007991844682,-0.9112235211601096,0.6725045493579775,-0.6704935291806514,0.2313887105085957,1.5665629802027257,-0.7372889502326117,0.3448615301420184,0.32949687345144535,0.6499761430037246,-0.7948014404585589,-0.391381125239349,0.05927223244244403,-0.9279454099380623,0.14346413905932714,-0.38927297324752,-0.18946373524956747,-1.686311728958696,0.8640976763151258,-1.556775346716951,-0.39233231767953125,-1.9033486862695783,0.10111249189063216,1.1520551745215084
TCGA-AR-A1AV,1.7251430452918848,0.892292649735771,-0.28469646096458556,-0.7952944616052003,-0.9923422604309954,0.16717433622916963,-0.08513819224555258,1.470544018547663,0.8834720999083528,1.1302398404125493,0.5021933343433436,0.4613700207306341,0.4619898154518727,0.4347219718646693,0.6388211206137276,-0.23008652140080488,-0.8257438436247182,0.23660732755206337,0.4156851142307565,1.411782175871713,0.6080783622185254,1.0366689286944368,-0.08893584693165768,-0.690867178934593,0.04102450200131498,-0.5351838849297268,0.6019982391535112,-0.5869121147775649,0.9349160354841726,-0.6616017330588767,-1.0181898714323252,-0.3276799278623797,-0.18268729691703256,-1.3196962877115446,0.6607058692182262,-0.011261189033819464,-0.01112818920061233,0.023706347866440547,-0.12420264433741426,-0.004145923002255623,0.09650838869873408,0.10111249189063216,-1.6863268912832312
TCGA-AR-A1AW,-1.6100071132196516,-0.5499470903827324,-1.0113787274361337,-1.8697010483602883,-1.8667877871570973,-0.2917279024150566,-0.9471919403615855,1.4988766980488257,1.5717475351615438,1.4915826960889715,-1.659418804642741,-1.3103893627701244,-1.304868558702909,0.9710936966380769,1.745013129546352,0.022581747341808872,-1.284958445182083,-1.1486008601733995,-0.9081037419319588,0.0864330649763423,-0.6678945006133588,0.32620488326063124,-1.3688894676101009,0.48623022911048835,-1.9440105539753965,-1.3137706775133893,-1.3857753499708803,-0.23787843011075108,0.07430246738795841,-0.723596710346373,-1.5738437995606782,-0.3991931197975154,-0.18268729691703256,0.12101843509180471,0.579097796803705,-0.011261189033819464,-0.01112818920061233,0.023706347866440547,-0.12420264433741426,-0.004145923002255623,0.09650838869873408,0.10111249189063216,0.9975182101064429
TCGA-BH-A0AV,-0.3083662056695579,0.5760124140688261,1.2524212635972456,1.368692148810407,1.2857413201110393,0.015190946321007367,0.7244066738563969,-0.6815505468971979,-0.7119337284078633,-0.6850035365175938,0.35181975366635837,-1.2043149506679636,-1.19908756775597,-0.798840604029248,-0.00273418849277309,0.12856785280030744,0.78288602667863,0.22225400022129777,-0.2742658606563282,-0.491578179759656,-1.1328011687576778,-0.7698451760211961,-0.06348874826997965,-0.10027659110294608,1.3978265069510876,2.058537892798607,0.6605454485545191,0.17004776784294856,-1.0238149264972969,-0.9597619176912036,-0.4797022566705492,-0.03545765094829978,-0.18268729691703256,-0.7491233393544374,-0.2596294179507322,-0.5232398235468394,-1.2210659217914248,-1.0188242442682736,-0.12420264433741426,-0.004145923002255623,0.5293014200489182,0.10111249189063216,0.07507943757934904
TCGA-BH-A0BV,-0.8552734998811199,-1.4355583768972147,-0.06044729609580003,0.6465381132577941,0.7966393117819032,-0.6283113883153135,-1.0147378733700267,0.16919612483888993,0.17744598107780254,0.18744234981883603,-0.9412713640473608,0.3485255429285299,0.317917742892666,0.6771179773138808,1.2091856530863732,-1.3374156791720413,-0.7142878033315085,-0.04384706838894682,-0.6827065549117528,-1.1182726382724275,-1.991124348907443,0.20841167653189793,1.986772661580722,-0.03794010118341513,-0.39741443704548535,-0.044900087499402684,-0.5916286129485648,0.6275205490010191,0.6709745572453075,-0.5968044787742054,0.2917489132369164,-0.7705032457294736,-0.2168543103991028,-0.0023927762867368336,-0.8491407317047922,-0.43038620224519164,-0.01112818920061233,1.1013962572577365,0.5545857774134206,-0.004145923002255623,-1.0412039740623458,0.10111249189063216,0.07507943757934904
TCGA-BH-A0C1,0.2554363394196941,1.114909358752304,-0.46758019072948054,-1.1260812269251461,-1.1522493647219392,-0.3935967033297549,0.4188184492245772,-1.4248546639882749,-1.3790609943254193,-1.3750721454780797,0.9360405930102467,-1.7796159857820415,-1.7727972153621838,-2.0239439919838578,0.06361195315216141,1.6168849149141011,0.9438715427002786,1.3542065373819887,1.1649600027257698,-1.0242403822284614,0.12249696170486087,-1.5092590412520257,-0.982247607431895,0.3121415689800296,-0.8578927268677395,-0.5210837263957114,0.17158986469696477,1.5496398666415705,-2.5194366414754756,0.8690265375350491,0.376937767703266,1.1244217261735143,1.060623994762569,-1.1056630216590566,0.6422000300029268,1.1659766266679301,2.3729714563379414,0.023706347866440547,-0.12420264433741426,-1.0564094955488428,1.3571943963107473,0.10111249189063216,0.07507943757934904
TCGA-BH-A0DD,1.17319003624692,-0.5657830649567674,-0.5228747252958672,-0.1541205931445123,-0.4325975479817902,0.7920739503345313,0.3023425932462679,0.744960687916988,0.8705024214308708,0.8577811638892945,0.07817608894580956,0.09942792921275208,0.10955210023096784,1.3706339606915467,-1.4018278380172489,1.0454220917137538,0.5320414524762117,-0.9940933248094237,2.153820058389753,1.565479354216995,0.9472286233656104,0.795254546234948,-0.49104201383164,1.6350144684380383,0.5222989525205,-0.190410375399938,2.232296393549648,-0.8652319750002193,0.447013608532863,2.0698140788985873,1.169568090309477,0.6579852596809896,-0.18268729691703256,-0.042364946422957066,1.9433880296425181,1.416236541877563,-4.544315803805181,-1.5672891315025816,1.5752073353387355,-0.004145923002255623,1.7464788195515326,0.10111249189063216,0.07507943757934904
TCGA-BH-A0DG,-0.3363058086560462,0.5476262796069223,0.10339069763221378,-0.19068557814920659,-0.3884120766309833,-1.3252610005706327,-0.6582789608573851,-1.4596018157346717,-1.4413266297006087,-1.4329225458059573,-0.4430176626832714,1.0671716896184422,1.0724821177480899,-1.1022743612380679,0.05450340504522793,-1.0678587379661184,-1.0924622700755757,-0.42735070380829815,-0.8626194987312431,-0.12295936131342663,-0.6588654552051638,-0.6510238951062404,0.08203903946014451,0.13835294647879245,0.6647443197555972,0.13232006531250426,-0.7940717164326925,0.17004776784294856,0.24373467219388442,-0.5272149158570539,-0.6992561227430392,-1.2127945350465894,-0.5196279733494771,0.28554009754133164,0.918018117508832,0.37511112105733674,-0.01112818920061233,-0.24601417540220222,-0.12420264433741426,-0.004145923002255623,-0.3241076826561704,0.10111249189063216,3.0252317363807357
TCGA-BH-A0E1,1.0852309278449912,-0.1720481941603578,0.42274077076118616,0.1131323989196502,0.5001674052403172,-0.30319994097515807,0.44750750001329226,-0.658018618810707,-0.6643247539038439,-0.6537745931014435,0.8206905042688064,0.544876646174155,0.5452654463508968,1.6063697514278559,-0.1331939594733376,0.28095155938516225,0.6027638088601989,0.09985601954063193,1.1287537173662985,1.4957097292027732,1.3318241388875423,-0.46872384877885476,2.521956420296205,0.6587443309340353,-0.5467496156097539,1.885199895032585,1.0624966394511626,0.17004776784294856,0.15912115367529467,0.20189825962657687,0.7849353670370394,0.1771483328174139,-0.4508102016508048,-0.11374763042384652,0.5320484104180768,-0.1954663197695983,-1.8425948925983724,1.6833648914656376,1.1048898478366627,-0.004145923002255623,1.1100396191576831,0.10111249189063216,0.07507943757934904
TCGA-BH-A0E9,-0.18505089277114362,-1.2034405631270775,2.536013018105484,2.7112299173223056,2.948263064193684,-0.20829126408530674,1.266997492887732,0.4927917671780759,0.4871499762252275,0.5005724488415736,-0.9909093745503335,0.7461487311668865,0.7601317355985081,0.6127756657752986,0.8648230987492243,0.0358882562336811,0.012167692698722365,-1.1455670213131388,-0.8611547174162338,1.049232123426371,-0.9942766665424789,0.5903555363096358,-0.02052855915072108,-0.08875084850642039,-0.7728426669174021,2.44265571001314,-0.8466445843093195,-1.5917985216531167,0.25018439938922454,-0.0716798695601429,-0.39995420505249535,-0.6834997010884987,-0.18268729691703256,-0.15357758759618229,0.6089510229733025,0.33196055185563694,1.809028220395343,0.8760037711292691,0.9910885194859936,-0.004145923002255623,-1.8505103589579608,0.10111249189063216,0.07507943757934904
TCGA-BH-A18N,-0.29036815961628715,-1.5372598466348646,-0.3372478345815735,-1.3479493807472682,-0.8812093628338968,-0.007691032846177955,0.3047666884707244,1.4781735239983775,1.5028681278103366,1.5248892092690431,-1.1248278342116211,0.5649198477997225,0.5731672078402713,2.060149153213555,-0.7431706086589658,-1.063507905143711,-0.3766922203560575,-0.47387662879916176,-0.9030834891013811,-0.3827393595060439,-2.234480560102487,1.6938771223545788,0.49188401876185844,-1.75993078651527,-0.25969873355586043,-0.720813119721598,-0.7695488564802068,0.17004776784294856,1.3647501802758393,-1.3008149945979663,-0.8763578416546386,-1.0417298693497192,-0.18268729691703256,1.2983803620369359,-2.349815591851577,-0.8844624220122694,-0.3033709092735841,1.0138053857208082,1.0416682184167938,-0.004145923002255623,0.09650838869873408,-0.5112023479863004,0.07507943757934904
TCGA-BH-A18Q,0.08363089602171442,-0.4481764622403437,1.6175347636092787,1.5670212561896053,1.6778908503602814,-1.1097181864135732,-0.07198608214188061,-1.4407341333135637,-1.5743580807255906,-1.5141651986121085,-0.3378113681314956,-1.6137277986582932,-1.6073679051960246,-1.264921671977557,0.10802125173027669,0.30508654281986086,0.8127699679122207,0.927444324753524,0.13324559689552526,-0.6426734746758483,-0.3687768217238584,-1.293298325366294,-0.5899691754703937,-0.2734394047320913,0.13787144859418152,2.3803718004894354,-1.200014710099174,0.7491569141189193,-2.340781544183054,-0.01693402408034402,-0.2504231552223071,0.6963365545415491,0.3953579958795687,-1.0699421113227843,-0.28165129803076316,0.5794056460887724,-0.01112818920061233,-0.19188657408269613,-0.009499465191618492,-0.004145923002255623,-0.45606167240028483,-2.8980532111733277,0.07507943757934904
TCGA-BH-A18U,-0.07250738537177746,-0.7137263188310311,-0.9172142958706301,-0.6222042284846556,-0.5603838269779712,1.5093482493868657,0.04834135414754846,-1.0909378583010694,-0.7875665952154921,-1.0484690546472224,-0.1454856448253204,0.5025264115328009,0.5030323601766057,0.3588817047948429,0.15507293749835918,0.22759907410679295,0.6673435762160966,-1.1196385187262414,0.9159325363972866,2.5227237881296793,0.717239127638279,-0.1215016394141402,-0.14679522423637936,-1.3787849824999798,0.8653098747603256,-0.6708996988683915,-0.05577553702934913,0.018623858466950343,0.022169166255636943,0.497078296865616,0.631424895539083,-0.02914413456827438,-0.18268729691703256,-0.6393740271609604,0.765518666058943,-0.6624368679573558,-0.01112818920061233,0.023706347866440547,-0.43522786499999694,-0.004145923002255623,1.002092210158276,-2.155907033169154,0.07507943757934904
TCGA-C8-A12L,0.36916943522278944,-0.028320329568408912,1.4200531999845845,0.7662406805222985,1.728157309697133,0.49886690758074864,1.4580078105483563,-0.5067304240048605,-0.6566300049509592,-0.6230106880075006,1.613662939169907,-0.5545998563272446,-0.5499277059158076,-0.7562294603950999,0.05876240809478568,0.2698656944225372,0.9302584437213953,1.3383047467569575,1.2108148905991978,-0.40935623241065827,0.9807023240089371,-0.867016412673548,-1.210705323018545,0.921192298487473,0.3509331277646584,-0.9760889131260373,0.7341046027521141,1.184778389429881,-0.3254602978294049,1.1921411785567833,1.3778104739008352,0.10672431851992825,-0.18268729691703256,-0.9139373117498744,1.1000856858607941,0.5882974955890239,-0.1888463645614421,0.5777522980819487,-0.48305599312890685,-0.05388470799446053,-0.05775818211671136,0.5984903225190322,-1.3778338690010052
TCGA-C8-A12T,0.38805770472755163,0.10286289067640537,1.0513572067148491,0.6224739520783451,0.5583108496020207,0.17382473371087018,-0.5718079132216395,-0.21184755087320395,-0.16456212926233738,-0.16698208436390252,-0.19045121697984763,0.9291731918181136,0.9284989577141474,0.39427140995568866,-2.0702438306790816,-0.2522127479519053,-0.5939633995379499,-0.6350908110970492,0.2155168373735748,0.5527752977271433,1.5650573835180286,-0.04954159825444489,-0.6650324796626053,0.6286121857890864,1.3531380847012522,0.6551367432344872,1.2171588827180775,-1.544479522683798,0.4245772334961922,1.8141250720612465,-0.005758384384250733,0.2723430373593804,3.1149438339685247,0.09974670633814392,0.23928001155395603,0.4023521592702825,-0.01112818920061233,-3.063473006937413,-1.3004464816138186,-0.7376722633898781,1.122054442116496,1.598141089496916,1.1418550027737473
TCGA-C8-A12U,0.32675039904790104,0.5864478944151603,-0.8445694619352857,-0.6115778350529072,-1.0098787699016865,-0.9175053291588963,-0.613002962238384,0.16732957747447477,0.2243345501818221,0.22885726269650955,0.7306028786664437,-0.16138311759246182,-0.15904067419805676,-0.8036924434262688,-0.5245403290720965,0.9978249947261038,0.04331579683343383,-0.649135503090129,0.84443821226597,-0.16578966513159105,2.2611555605114653,-0.369936326050665,-1.6500797164426002,1.3585062036268982,-1.1809388950602895,-0.3081288505145604,0.5236625028144353,-0.5288777852954931,-0.17669324366906067,0.46883901315432974,0.7798519694047807,0.9138210281708595,-0.1591379950816221,-0.261288252898776,1.0004849784850274,0.2770817843373482,-0.10516300207318262,1.8946103719805067,-0.21921916705698827,-0.2634012455166425,-0.13235295943322828,0.10111249189063216,1.6235091074625938
TCGA-C8-A12V,0.37373171060520183,1.8156326010846715,1.1361247891207675,-0.6347806667139795,-0.44702423237627453,-0.13444170800309968,1.0972188155449583,-1.563127196283296,-1.6090435165878154,-1.6187951597126327,0.9454693692795582,-1.755098123792054,-1.7483471742466756,-0.9796180620377677,0.8681005941844658,0.9501331623856405,1.6449484561676533,2.7214481787280644,0.11038806084842838,-1.1562659021230963,0.7931429552331337,-1.0241943698163338,-1.0238705929783445,0.5912791132401671,-1.29225665603908,1.6205312270370693,0.35747654833400494,1.167906657435236,-2.0781895376932953,-0.7223110073319013,0.18424038963832096,0.7848173632331051,-0.18268729691703256,-0.8845062918961593,-0.5669398264033991,1.2560929528359492,-0.01112818920061233,0.3742291729075193,-0.42098934779921865,-1.171848659899725,0.37999815398532255,1.2958033116159389,0.07507943757934904
TCGA-C8-A12Z,-1.4875225910014447,-0.7466195382189609,-0.8878384631928763,-0.817061930943106,-0.9028656193583212,2.22105864540125,-0.1895693418700873,-1.7347511337788624,-1.74807854161618,-1.6909189930610353,-1.4874490792930408,-0.11988082121112693,-0.11765318073202663,-0.8276545798320845,-1.6217493891339743,-0.46017532518905063,1.2913013662316117,-1.1288431971789732,-1.0498325070316834,-0.5136586405405993,0.9672070293603366,-0.48379894391134226,0.013404354782432449,-2.776247581911583,0.7991519599199733,0.02417993122071466,-1.849747904249418,0.7959973977498546,0.21493086434536857,1.1132176686312765,1.6347954347996958,-1.7756192497684309,-0.18268729691703256,-1.0438686270452722,0.172313717154845,-2.2412827838631384,-0.01112818920061233,-2.07718409430705,-0.22120313688504506,-0.004145923002255623,0.6614626303210368,0.10111249189063216,0.07507943757934904
TCGA-C8-A130,0.31090382027038427,1.3737283253441943,-0.039018827630388164,0.12907724419087335,0.057323162639094635,-0.42440095672362516,-0.29925968836523564,0.8654933404995294,0.8771746688304852,0.8667817317647316,0.5370752666237212,-0.4597414056225593,-0.45657364882967466,-0.050176927172729244,-0.23541935347063886,0.5881719964555112,0.08063244384892003,0.002380834374815443,0.39244380469433965,0.10593877129845525,0.4823107117168318,-0.16493798358419812,-0.903673967946839,1.1947310687314978,0.889555179555686,-0.08730224913682885,0.4150870726174797,0.12903426506564533,0.8017200560905362,0.6642639290804402,0.46044242648153366,-0.03541769537810678,-0.2847371484349721,-0.9264984181691998,1.331264194703086,0.26881435978170276,-0.47453467975110125,-0.2891804826371991,-1.1869323618508356,-0.004145923002255623,0.1392930293149596,0.16831063486684458,0.07507943757934904
TCGA-C8-A131,0.8346713683044126,1.297458280884241,1.0940603043867647,1.626244459505026,1.1782380826916339,0.5474535234763019,1.3670935978863754,-0.8337742712094285,-0.8687826250060073,-0.8196220637402923,1.4994558679283039,-0.30384260869040075,-0.3194440143279458,0.12980001738647914,2.102709089483778,2.0285539325107824,1.330919387105802,1.144026051423868,0.9440329441779728,-1.3222462682223088,0.7061241931142507,-0.2680519095785327,-0.7086628555245909,0.7333195748610568,0.5998328063216657,0.1083954475858643,0.33035556710287267,0.43634373045277486,-0.004479925987942103,0.10860536973648653,0.842410499644017,2.9753706268673703,-0.18268729691703256,0.06919837801041658,0.12408006291335329,1.4592440324812155,0.6916163461853312,-0.8326070109148006,-1.0463490714994075,3.0718900786228422,0.7261956916409308,-0.49799356181018817,0.07507943757934904
TCGA-C8-A131,0.9607388677278833,1.1894607302439073,1.0319822712858158,1.29638706619102,1.1783020829325621,-0.5546568108192591,1.41858991498104,-1.2949174645279435,-1.364550035498806,-1.3243965288198094,1.3079325859291346,-0.1760288708590738,-0.17364591464204343,-1.3448621550028579,1.8158769525266159,1.4936530367156107,1.1537916956499075,1.1989764305655046,0.9992591240007315,-1.8031810636418282,0.9447623475058213,-1.6218264172328982,-0.9979718187360662,0.8934598844212809,-0.7392909163988146,-0.052428275001828964,0.34938629430023505,-0.3282114576877649,-0.8126024427022388,-0.2829738243136715,1.0302227490430496,2.5432783691912255,-0.18268729691703256,-1.0577557637245434,0.10791190509659906,1.1166560718871674,0.7255829131374439,0.023706347866440547,-0.12420264433741426,-0.004145923002255623,0.9925511591824843,0.10111249189063216,0.07507943757934904
TCGA-C8-A134,2.0109387584584697,0.9053502671257472,2.157259063720438,1.984249147973032,0.8943191022723327,-0.7875754680818013,1.2402988447140175,-1.1862804416060968,-1.2143286280190297,-1.1813095517049157,1.8700576302991005,-2.2083139876872937,-2.200309360466843,-1.1814750807567262,0.4752691774179512,1.6385534173688212,1.1833978943880032,2.512465096860433,0.9485045791953733,-1.717175379741809,1.5553823770881137,-2.085423101462826,-1.2630906513379283,0.8787736064370297,1.2324711234895893,1.7246084321510067,0.0010607766904525912,-2.4747801892405668,-1.884830921228229,1.1186468475328948,1.2502678092080053,0.7557745735121274,-0.18268729691703256,-1.0536174468371773,0.8398722405291104,1.3691011301416238,0.405992776021982,0.023706347866440547,-0.12420264433741426,-0.004145923002255623,1.465931695638488,0.10111249189063216,0.07507943757934904
TCGA-C8-A135,0.014733292519992915,0.47022467856483974,-0.42210928440426193,-0.6388799084573601,-0.1813312586976897,1.6827568428924755,-0.38783721823747475,-0.7082857591169414,-0.7446912504540644,-0.7736024028909682,-0.7724591527921593,0.3037518722683855,0.30480766751311655,-0.6436384195465544,1.0105804916473626,-0.49868629951419996,0.8949627049551356,1.5886911360816083,-1.8952880894770938,-0.7522787700560559,1.357443099579865,-0.3852559080953127,-0.8182768537352338,-0.9877115428847226,-0.08504262957989189,0.18819858754713295,-0.6968834832243255,1.2309170961828404,-0.137818642537972,0.5304066815373433,0.4610439450118402,0.05040878041126434,-0.18268729691703256,-3.3839818335738636,0.4647758379225255,-0.011261189033819464,-0.01112818920061233,0.023706347866440547,-0.12420264433741426,-0.004145923002255623,0.09650838869873408,0.10111249189063216,-4.052236356187311
TCGA-C8-A138,-0.09944138529497738,0.7507090690169199,1.1919643182964674,1.2644318256713891,1.436397668581978,0.3314716545102504,-0.3914343905525041,-0.8108057077358954,-0.707923392793803,-0.780993500082741,0.9226866986139294,0.4015780298823795,0.402363220146992,-0.32365796939081476,0.11562031703789455,-1.0714785369499042,-0.3613221908475611,0.7725003928831581,0.13338276355319345,0.03957210040732242,-0.022283020317058713,-0.7670315544711216,0.23918017999331048,0.6966404044695095,0.5974743200519198,-0.9931718839851198,-0.3834116280367206,-0.25297738147172133,0.5683417627756849,0.13774508859737633,-0.2616366434322998,-0.0356113975033634,1.404246273814044,0.17256024264348144,-0.02393938794182163,-0.8453189082045859,3.610095164851433,-0.7721711079477815,-0.12420264433741426,-0.004145923002255623,-1.2571502591394383,-1.1225268475140564,1.8256483397747532
TCGA-D8-A142,-0.10451986978816517,-0.32227861189519946,-0.10224221039703867,1.367731712969267,0.972912976494761,-0.47667081831525876,0.591024375136929,-1.108403228795641,-1.0450206607044559,-1.0655518845284373,-0.48663962448944936,-2.2605037131672296,-2.252354719654875,-1.1778071510945598,0.4418280124718429,-1.1806046874574727,0.8731497184141926,1.5754172759709388,0.16437432077427322,-0.8959125847377195,0.03187571532996597,-0.5496586269404085,-0.8664214154474938,-1.8695533010018361,0.5372970776445803,0.2593814763913269,-0.01663195665925101,3.045892527978567,-1.6058347276823066,-0.1432058571571333,-0.7511461798425155,-0.7308007887280866,1.1598696185955537,-0.9109167921989758,-0.5959583488671849,-0.4106369118416967,-0.01112818920061233,0.023706347866440547,-0.18385605177797254,-0.004145923002255623,0.09173566400790842,-0.6343018532666572,-2.6667965895123267
TCGA-E2-A154,-1.9569179744109237,-1.451261138237599,-1.1607107613286165,-0.9561577377793964,-1.1932338035473273,-0.7117599602971804,-0.6908020019058684,1.3104554369451902,1.3872311833799313,1.3310029240376604,-0.7544493542102919,-0.07081228355091884,-0.06872037558939714,1.7189163516870274,-0.21794862702345233,-1.8200626957263377,-1.514373969219008,-0.5471124463741203,-1.1194839206498735,2.16848310150069,-0.670014873365356,1.1118239942540336,2.1075621047626005,-0.6850085372559065,0.07894624701126762,-0.1265470910528004,-2.709672397227726,0.3048965810764447,0.8593448920247034,-0.5210666832743811,-2.1176899631369652,-0.28458111218882326,-3.9798390954340697,0.1966233185032053,-1.53650333513976,-2.8276161395827164,1.034136425509066,1.04436965910821,-0.12420264433741426,-0.004145923002255623,0.40984288678886077,-3.145481219831041,-2.737386270469769
TCGA-E2-A158,-0.3959409486100082,-0.5159332453600033,-0.41483324167049423,1.0254742237739392,0.7873958809325267,-0.29248088671963995,0.6751029654749983,-0.59528870907182,-0.6444676172277214,-0.6167596006670936,0.3603254646348705,-1.0336425692156197,-1.0288872972146152,-0.6465350621998347,0.38176904816515667,0.05021949022873129,0.7943069911616961,0.07536403791954353,-0.9418853901980639,-0.39146297293353705,-0.6682312908643423,-0.7023846843460413,0.47097707422591883,0.47365707468331586,-0.7103031512670653,0.7012405020003396,-0.6453500490212243,-0.3100200847528829,-0.982160084234564,-0.07956493282012267,-0.5092077584918864,-0.8165986003620133,1.0302430372491944,-0.8245107213239172,0.04474380022269993,-0.057274329204725825,-0.01112818920061233,-0.17708863863040722,0.8017280267109704,-0.004145923002255623,0.09650838869873408,1.539259397815327,0.04851112117430567
TCGA-E2-A15A,0.40921837281687296,0.10832754585343717,0.4609140348007967,-0.19707798131926926,0.029008093269114278,-0.9542773755642261,-1.5390629094427097,-0.5177217244315837,-0.6466177893668364,-0.5402257340961298,0.8906960010869276,0.010773098916125,0.012639326841356432,-1.0318720651183642,-0.6421981491957433,0.13103923477325155,-0.8363226660901106,-0.29656771821730954,-0.872846805466312,0.5873883376199149,1.2848903163497947,-0.7051793539695711,-0.22278057924894776,0.7291540022069081,0.8982399574234271,-0.4955147702767381,-0.1993269604590487,-0.17418505532676953,-0.11514258991504658,1.738115929761349,-0.18550978644523197,-0.6330425914236181,-0.20623659875244305,1.454003648644166,0.2424006690883703,-1.0196540492722126,-0.01112818920061233,0.3856280134302401,-1.0182213400822426,-0.004145923002255623,0.09650838869873408,0.6400511531172438,-1.0363227424131851
